2017-05-01,01:00:00,831,7.06,27.87,11.1,888
2017-05-01,02:00:00,830,7.06,27.88,11.1,888
2017-05-01,03:00:00,830,7.06,27.88,11.1,888
2017-05-01,04:00:00,831,7.06,27.88,11.1,888
2017-05-01,05:00:00,830,7.07,27.88,11.1,888
2017-05-01,06:00:00,831,7.06,27.88,11.1,888
2017-05-01,07:00:00,831,7.06,27.89,11.1,888
2017-05-01,08:00:00,831,7.07,27.89,11.1,888
2017-05-01,09:00:00,831,7.07,27.89,11.1,888
2017-05-01,10:00:00,830,7.06,27.90,11.1,888
2017-05-01,11:00:00,831,7.06,27.90,11.1,888
2017-05-01,12:00:00,831,7.06,27.91,11.1,888
2017-05-01,13:00:00,830,7.06,27.91,11.1,888
2017-05-01,14:00:00,831,7.07,27.91,11.1,888
2017-05-01,15:00:00,830,7.06,27.93,11.1,888
2017-05-01,16:00:00,831,7.06,27.93,11.1,888
2017-05-01,17:00:00,831,7.06,27.93,11.1,888
2017-05-01,18:00:00,831,7.06,27.94,11.1,888
2017-05-01,19:00:00,831,7.06,27.94,11.1,888
2017-05-01,20:00:00,831,7.06,27.95,11.1,888
2017-05-01,21:00:00,831,7.06,27.96,11.1,888
2017-05-01,22:00:00,831,7.06,27.97,11.1,888
2017-05-01,23:00:00,831,7.06,27.97,11.1,888
2017-05-02,00:00:00,831,7.06,27.97,11.1,888
2017-05-02,01:00:00,831,7.06,27.97,11.1,888
2017-05-02,02:00:00,830,7.06,27.98,11.1,888
2017-05-02,03:00:00,831,7.06,27.99,11.1,888
2017-05-02,04:00:00,830,7.06,27.99,11.1,888
2017-05-02,05:00:00,830,7.07,28.00,11.1,888
2017-05-02,06:00:00,830,7.07,28.00,11.1,888
2017-05-02,07:00:00,830,7.07,28.02,11.1,888
2017-05-02,08:00:00,830,7.07,28.01,11.1,888
2017-05-02,09:00:00,831,7.06,28.01,11.1,888
2017-05-02,10:00:00,831,7.06,28.02,11.1,888
2017-05-02,11:00:00,830,7.06,28.01,11.1,888
2017-05-02,12:00:00,831,7.06,28.02,11.1,888
2017-05-02,13:00:00,831,7.06,28.02,11.1,888
2017-05-02,14:00:00,831,7.07,28.02,11.1,888
2017-05-02,15:00:00,831,7.07,28.04,11.1,888
2017-05-02,16:00:00,831,7.06,28.04,11.1,888
2017-05-02,17:00:00,831,7.06,28.05,11.1,888
2017-05-02,18:00:00,831,7.07,28.04,11.1,888
2017-05-02,19:00:00,831,7.07,28.05,11.1,888
2017-05-02,20:00:00,831,7.07,28.06,11.1,888
2017-05-02,21:00:00,831,7.06,28.06,11.1,888
2017-05-02,22:00:00,831,7.07,28.06,11.1,888
2017-05-02,23:00:00,831,7.07,28.06,11.1,888
2017-05-03,00:00:00,831,7.07,28.07,11.1,888
2017-05-03,01:00:00,831,7.07,28.08,11.1,888
2017-05-03,02:00:00,831,7.07,28.07,11.1,888
2017-05-03,03:00:00,831,7.07,28.07,11.1,888
2017-05-03,04:00:00,831,7.07,28.08,11.1,888
2017-05-03,05:00:00,831,7.07,28.09,11.1,888
2017-05-03,06:00:00,831,7.07,28.08,11.1,888
2017-05-03,07:00:00,831,7.07,28.09,11.1,888
2017-05-03,08:00:00,831,7.07,28.08,11.1,888
2017-05-03,09:00:00,831,7.07,28.08,11.1,888
2017-05-03,10:00:00,831,7.07,28.08,11.1,888
2017-05-03,11:00:00,831,7.07,28.08,11.1,888
2017-05-03,12:00:00,831,7.07,28.08,11.1,888
2017-05-03,13:00:00,831,7.07,28.07,11.1,888
2017-05-03,14:00:00,831,7.07,28.07,11.1,888
2017-05-03,15:00:00,831,7.07,28.08,11.1,888
2017-05-03,16:00:00,831,7.07,28.08,11.1,888
2017-05-03,17:00:00,831,7.07,28.07,11.1,888
2017-05-03,18:00:00,831,7.07,28.07,11.1,888
2017-05-03,19:00:00,831,7.07,28.09,11.1,887
2017-05-03,20:00:00,831,7.08,28.09,11.1,888
2017-05-03,21:00:00,831,7.07,28.09,11.1,887
2017-05-03,22:00:00,831,7.07,28.08,11.1,887
2017-05-03,23:00:00,831,7.07,28.09,11.1,887
2017-05-04,00:00:00,831,7.07,28.08,11.1,887
2017-05-04,01:00:00,831,7.07,28.09,11.1,887
2017-05-04,02:00:00,831,7.07,28.08,11.1,887
2017-05-04,03:00:00,831,7.07,28.08,11.1,887
2017-05-04,04:00:00,831,7.08,28.09,11.1,887
2017-05-04,05:00:00,831,7.08,28.08,11.1,887
2017-05-04,06:00:00,831,7.08,28.08,11.1,887
2017-05-04,07:00:00,831,7.08,28.07,11.1,887
2017-05-04,08:00:00,831,7.08,28.09,11.1,887
2017-05-04,09:00:00,831,7.08,28.09,11.1,887
2017-05-04,10:00:00,831,7.08,28.09,11.1,887
2017-05-04,11:00:00,831,7.08,28.08,11.1,887
2017-05-04,12:00:00,831,7.08,28.08,11.1,887
2017-05-04,13:00:00,831,7.08,28.08,11.1,887
2017-05-04,14:00:00,831,7.08,28.07,11.1,887
2017-05-04,15:00:00,831,7.08,28.07,11.1,887
2017-05-04,16:00:00,831,7.08,28.08,11.1,887
2017-05-04,17:00:00,831,7.08,28.09,11.1,887
2017-05-04,18:00:00,831,7.08,28.07,11.1,887
2017-05-04,19:00:00,831,7.08,28.07,11.1,887
2017-05-04,20:00:00,831,7.08,28.09,11.1,887
2017-05-04,21:00:00,831,7.08,28.09,11.1,887
2017-05-04,22:00:00,831,7.08,28.10,11.1,887
2017-05-04,23:00:00,831,7.08,28.10,11.1,887
2017-05-05,00:00:00,831,7.08,28.10,11.1,887
2017-05-05,01:00:00,831,7.08,28.10,11.1,887
2017-05-05,02:00:00,831,7.08,28.09,11.1,887
2017-05-05,03:00:00,831,7.08,28.09,11.1,887
2017-05-05,04:00:00,831,7.09,28.08,11.1,887
2017-05-05,05:00:00,831,7.09,28.09,11.1,887
2017-05-05,06:00:00,831,7.10,28.09,11.1,887
2017-05-05,07:00:00,831,7.09,28.09,11.1,887
2017-05-05,08:00:00,831,7.08,28.09,11.1,887
2017-05-05,09:00:00,831,7.08,28.08,11.1,887
2017-05-05,10:00:00,831,7.08,28.07,11.1,887
2017-05-05,11:00:00,831,7.08,28.07,11.1,887
2017-05-05,12:00:00,831,7.09,28.06,11.1,887
2017-05-05,13:00:00,831,7.09,28.06,11.1,887
2017-05-05,14:00:00,831,7.08,28.05,11.1,887
2017-05-05,15:00:00,831,7.08,28.06,11.1,887
2017-05-05,16:00:00,831,7.09,28.04,11.1,887
2017-05-05,17:00:00,831,7.09,28.04,11.1,887
2017-05-05,18:00:00,831,7.09,28.03,11.1,887
2017-05-05,19:00:00,831,7.09,28.04,11.1,887
2017-05-05,20:00:00,831,7.09,28.04,11.1,887
2017-05-05,21:00:00,831,7.09,28.04,11.1,887
2017-05-05,22:00:00,831,7.09,28.03,11.1,887
2017-05-05,23:00:00,831,7.09,28.02,11.1,887
2017-05-06,00:00:00,831,7.09,28.02,11.1,887
2017-05-06,01:00:00,831,7.09,28.01,11.1,887
2017-05-06,02:00:00,831,7.09,28.01,11.1,887
2017-05-06,03:00:00,831,7.09,28.00,11.1,887
2017-05-06,04:00:00,831,7.10,28.00,11.1,887
2017-05-06,05:00:00,831,7.10,28.00,11.1,887
2017-05-06,06:00:00,831,7.10,28.01,11.1,887
2017-05-06,07:00:00,831,7.10,27.99,11.1,887
2017-05-06,08:00:00,831,7.10,28.00,11.1,887
2017-05-06,09:00:00,831,7.10,27.98,11.1,888
2017-05-06,10:00:00,831,7.10,28.00,11.1,888
2017-05-06,11:00:00,831,7.10,27.98,11.1,888
2017-05-06,12:00:00,831,7.10,27.99,11.1,888
2017-05-06,13:00:00,831,7.10,27.99,11.1,888
2017-05-06,14:00:00,831,7.10,27.98,11.1,888
2017-05-06,15:00:00,831,7.10,27.99,11.1,888
2017-05-06,16:00:00,831,7.10,27.98,11.1,888
2017-05-06,17:00:00,831,7.10,27.99,11.1,888
2017-05-06,18:00:00,831,7.10,27.98,11.1,888
2017-05-06,19:00:00,831,7.10,27.99,11.1,888
2017-05-06,20:00:00,831,7.10,27.99,11.1,888
2017-05-06,21:00:00,831,7.10,27.99,11.1,888
2017-05-06,22:00:00,831,7.09,27.99,11.1,888
2017-05-06,23:00:00,831,7.10,28.00,11.1,888
2017-05-07,00:00:00,831,7.10,27.99,11.1,888
2017-05-07,01:00:00,831,7.10,27.99,11.1,888
2017-05-07,02:00:00,831,7.10,28.00,11.1,888
2017-05-07,03:00:00,831,7.10,28.00,11.1,888
2017-05-07,04:00:00,831,7.10,28.00,11.1,888
2017-05-07,05:00:00,831,7.10,28.00,11.1,888
2017-05-07,06:00:00,831,7.10,28.00,11.1,888
2017-05-07,07:00:00,831,7.10,28.00,11.1,888
2017-05-07,08:00:00,831,7.10,28.01,11.1,888
2017-05-07,09:00:00,831,7.10,28.00,11.1,888
2017-05-07,10:00:00,831,7.10,28.02,11.1,888
2017-05-07,11:00:00,831,7.10,28.02,11.1,888
2017-05-07,12:00:00,831,7.10,28.01,11.1,888
2017-05-07,13:00:00,831,7.10,28.03,11.1,888
2017-05-07,14:00:00,831,7.10,28.02,11.1,888
2017-05-07,15:00:00,831,7.10,28.02,11.1,888
2017-05-07,16:00:00,831,7.10,28.02,11.1,888
2017-05-07,17:00:00,831,7.10,28.02,11.1,888
2017-05-07,18:00:00,831,7.10,28.04,11.1,888
2017-05-07,19:00:00,831,7.10,28.02,11.1,888
2017-05-07,20:00:00,831,7.11,28.04,11.1,888
2017-05-07,21:00:00,831,7.10,28.04,11.1,888
2017-05-07,22:00:00,831,7.10,28.06,11.1,888
2017-05-07,23:00:00,831,7.10,28.06,11.1,888
2017-05-08,00:00:00,831,7.10,28.05,11.1,888
2017-05-08,01:00:00,831,7.10,28.05,11.1,888
2017-05-08,02:00:00,831,7.10,28.05,11.1,888
2017-05-08,03:00:00,831,7.10,28.06,11.1,888
2017-05-08,04:00:00,832,7.11,28.07,11.1,888
2017-05-08,05:00:00,831,7.11,28.06,11.1,888
2017-05-08,06:00:00,832,7.11,28.06,11.1,888
2017-05-08,07:00:00,832,7.11,28.07,11.1,888
2017-05-08,08:00:00,832,7.11,28.08,11.1,888
2017-05-08,09:00:00,832,7.11,28.08,11.1,888
2017-05-08,10:00:00,831,7.11,28.08,11.1,888
2017-05-08,11:00:00,832,7.11,28.07,11.1,888
2017-05-08,12:00:00,832,7.11,28.07,11.1,888
2017-05-08,13:00:00,832,7.11,28.08,11.1,888
2017-05-08,14:00:00,0,8.15,8.80,18.2,883
2017-05-08,15:00:00,0,0.00,0.00,18.3,0
2017-05-08,16:00:00,0,0.00,0.00,19.7,0
2017-05-08,17:00:00,853,7.38,28.11,11.2,820
2017-05-08,18:00:00,853,7.45,28.11,11.1,824
2017-05-08,19:00:00,853,7.46,28.10,11.1,828
2017-05-08,20:00:00,852,7.47,28.11,11.1,834
2017-05-08,21:00:00,852,7.43,28.12,11.1,841
2017-05-08,22:00:00,851,7.42,28.11,11.1,846
2017-05-08,23:00:00,851,7.42,28.11,11.1,850
2017-05-09,00:00:00,850,7.41,28.11,11.1,854
2017-05-09,01:00:00,850,7.40,28.11,11.1,857
2017-05-09,02:00:00,850,7.39,28.11,11.1,860
2017-05-09,03:00:00,850,7.39,28.10,11.1,862
2017-05-09,04:00:00,849,7.39,28.10,11.1,865
2017-05-09,05:00:00,849,7.38,28.10,11.1,867
2017-05-09,06:00:00,849,7.39,28.10,11.1,869
2017-05-09,07:00:00,849,7.38,28.09,11.1,871
2017-05-09,08:00:00,849,7.36,28.09,11.1,872
2017-05-09,09:00:00,852,7.36,28.09,11.1,873
2017-05-09,10:00:00,850,7.35,28.08,11.1,874
2017-05-09,11:00:00,849,7.35,28.08,11.1,875
2017-05-09,12:00:00,848,7.35,28.07,11.1,876
2017-05-09,13:00:00,849,7.35,28.07,11.1,877
2017-05-09,14:00:00,849,7.35,28.05,11.1,877
2017-05-09,15:00:00,849,7.34,28.05,11.1,878
2017-05-09,16:00:00,849,7.34,28.05,11.1,878
2017-05-09,17:00:00,849,7.34,28.04,11.1,879
2017-05-09,18:00:00,849,7.34,28.04,11.1,879
2017-05-09,19:00:00,849,7.35,28.03,11.1,879
2017-05-09,20:00:00,848,7.35,28.02,11.1,880
2017-05-09,21:00:00,848,7.34,28.02,11.1,880
2017-05-09,22:00:00,848,7.33,28.02,11.1,880
2017-05-09,23:00:00,848,7.34,28.01,11.1,881
2017-05-10,00:00:00,847,7.33,28.01,11.1,881
2017-05-10,01:00:00,848,7.33,27.99,11.1,881
2017-05-10,02:00:00,847,7.33,27.99,11.1,881
2017-05-10,03:00:00,848,7.33,27.99,11.1,882
2017-05-10,04:00:00,848,7.34,27.98,11.1,882
2017-05-10,05:00:00,847,7.33,27.98,11.1,882
2017-05-10,06:00:00,847,7.34,27.98,11.1,883
2017-05-10,07:00:00,847,7.33,27.97,11.1,883
2017-05-10,08:00:00,847,7.32,27.95,11.1,883
2017-05-10,09:00:00,847,7.32,27.95,11.1,883
2017-05-10,10:00:00,846,7.32,27.94,11.1,884
2017-05-10,11:00:00,846,7.32,27.94,11.1,884
2017-05-10,12:00:00,846,7.32,27.95,11.1,884
2017-05-10,13:00:00,846,7.32,27.93,11.1,885
2017-05-10,14:00:00,846,7.32,27.92,11.1,885
2017-05-10,15:00:00,846,7.32,27.92,11.1,885
2017-05-10,16:00:00,850,7.32,27.91,11.1,885
2017-05-10,17:00:00,848,7.32,27.91,11.1,886
2017-05-10,18:00:00,848,7.33,27.90,11.1,886
2017-05-10,19:00:00,847,7.33,27.89,11.1,886
2017-05-10,20:00:00,846,7.34,27.91,11.1,886
2017-05-10,21:00:00,846,7.33,27.89,11.1,887
2017-05-10,22:00:00,846,7.33,27.89,11.1,887
2017-05-10,23:00:00,845,7.33,27.88,11.1,887
2017-05-11,00:00:00,845,7.33,27.87,11.1,887
2017-05-11,01:00:00,845,7.33,27.88,11.1,887
2017-05-11,02:00:00,845,7.33,27.87,11.1,887
2017-05-11,03:00:00,845,7.32,27.87,11.1,887
2017-05-11,04:00:00,846,7.34,27.87,11.1,888
2017-05-11,05:00:00,845,7.34,27.85,11.1,888
2017-05-11,06:00:00,845,7.34,27.86,11.1,888
2017-05-11,07:00:00,845,7.33,27.85,11.1,888
2017-05-11,08:00:00,846,7.32,27.85,11.1,888
2017-05-11,09:00:00,845,7.33,27.84,11.1,889
2017-05-11,10:00:00,845,7.32,27.84,11.1,889
2017-05-11,11:00:00,845,7.32,27.83,11.1,889
2017-05-11,12:00:00,845,7.32,27.83,11.1,889
2017-05-11,13:00:00,845,7.32,27.82,11.1,889
2017-05-11,14:00:00,845,7.32,27.82,11.1,890
2017-05-11,15:00:00,845,7.32,27.83,11.1,890
2017-05-11,16:00:00,845,7.32,27.82,11.1,890
2017-05-11,17:00:00,845,7.32,27.82,11.1,890
2017-05-11,18:00:00,845,7.32,27.81,11.1,890
2017-05-11,19:00:00,845,7.32,27.81,11.1,890
2017-05-11,20:00:00,845,7.32,27.81,11.1,890
2017-05-11,21:00:00,845,7.32,27.80,11.1,890
2017-05-11,22:00:00,845,7.32,27.81,11.1,890
2017-05-11,23:00:00,845,7.32,27.81,11.1,890
2017-05-12,00:00:00,845,7.32,27.81,11.1,890
2017-05-12,01:00:00,846,7.32,27.82,11.1,890
2017-05-12,02:00:00,845,7.32,27.81,11.1,890
2017-05-12,03:00:00,845,7.32,27.80,11.1,890
2017-05-12,04:00:00,845,7.33,27.80,11.1,890
2017-05-12,05:00:00,845,7.33,27.81,11.1,890
2017-05-12,06:00:00,846,7.33,27.79,11.1,890
2017-05-12,07:00:00,846,7.33,27.80,11.1,890
2017-05-12,08:00:00,846,7.32,27.80,11.1,890
2017-05-12,09:00:00,846,7.32,27.80,11.1,890
2017-05-12,10:00:00,846,7.34,27.79,11.1,891
2017-05-12,11:00:00,846,7.34,27.80,11.1,891
2017-05-12,12:00:00,846,7.34,27.80,11.1,891
2017-05-12,13:00:00,846,7.34,27.79,11.1,891
2017-05-12,14:00:00,846,7.34,27.80,11.1,891
2017-05-12,15:00:00,849,7.34,27.79,11.1,891
2017-05-12,16:00:00,849,7.34,27.79,11.1,891
2017-05-12,17:00:00,850,7.33,27.80,11.1,891
2017-05-12,18:00:00,850,7.33,27.79,11.1,891
2017-05-12,19:00:00,850,7.34,27.79,11.1,891
2017-05-12,20:00:00,850,7.33,27.79,11.1,891
2017-05-12,21:00:00,850,7.32,27.81,11.1,891
2017-05-12,22:00:00,850,7.32,27.82,11.1,891
2017-05-12,23:00:00,849,7.32,27.80,11.1,891
2017-05-13,00:00:00,849,7.32,27.79,11.1,891
2017-05-13,01:00:00,849,7.32,27.80,11.1,891
2017-05-13,02:00:00,849,7.32,27.80,11.1,891
2017-05-13,03:00:00,848,7.32,27.80,11.1,891
2017-05-13,04:00:00,848,7.34,27.80,11.1,891
2017-05-13,05:00:00,848,7.34,27.80,11.1,891
2017-05-13,06:00:00,848,7.34,27.81,11.1,891
2017-05-13,07:00:00,848,7.34,27.83,11.1,891
2017-05-13,08:00:00,848,7.34,27.83,11.1,891
2017-05-13,09:00:00,848,7.33,27.83,11.1,891
2017-05-13,10:00:00,848,7.34,27.84,11.1,891
2017-05-13,11:00:00,848,7.34,27.84,11.1,891
2017-05-13,12:00:00,848,7.33,27.84,11.1,891
2017-05-13,13:00:00,848,7.33,27.85,11.1,891
2017-05-13,14:00:00,848,7.33,27.84,11.1,891
2017-05-13,15:00:00,848,7.32,27.85,11.1,891
2017-05-13,16:00:00,848,7.32,27.84,11.1,891
2017-05-13,17:00:00,848,7.33,27.85,11.1,891
2017-05-13,18:00:00,848,7.33,27.84,11.1,891
2017-05-13,19:00:00,847,7.33,27.85,11.1,891
2017-05-13,20:00:00,849,7.33,27.85,11.1,891
2017-05-13,21:00:00,849,7.32,27.85,11.1,891
2017-05-13,22:00:00,849,7.32,27.85,11.1,892
2017-05-13,23:00:00,849,7.32,27.86,11.1,892
2017-05-14,00:00:00,848,7.32,27.85,11.1,892
2017-05-14,01:00:00,849,7.33,27.86,11.1,892
2017-05-14,02:00:00,848,7.32,27.87,11.1,892
2017-05-14,03:00:00,848,7.32,27.87,11.1,892
2017-05-14,04:00:00,848,7.34,27.88,11.1,892
2017-05-14,05:00:00,848,7.34,27.87,11.1,892
2017-05-14,06:00:00,848,7.34,27.89,11.1,893
2017-05-14,07:00:00,848,7.35,27.90,11.1,893
2017-05-14,08:00:00,848,7.35,27.90,11.1,893
2017-05-14,09:00:00,848,7.34,27.91,11.1,893
2017-05-14,10:00:00,848,7.34,27.92,11.1,893
2017-05-14,11:00:00,848,7.33,27.91,11.1,893
2017-05-14,12:00:00,848,7.33,27.93,11.1,893
2017-05-14,13:00:00,848,7.33,27.94,11.1,894
2017-05-14,14:00:00,848,7.33,27.94,11.1,894
2017-05-14,15:00:00,848,7.33,27.95,11.1,894
2017-05-14,16:00:00,848,7.33,27.94,11.1,894
2017-05-14,17:00:00,848,7.33,27.94,11.1,894
2017-05-14,18:00:00,848,7.33,27.95,11.1,894
2017-05-14,19:00:00,848,7.33,27.95,11.1,894
2017-05-14,20:00:00,848,7.34,27.95,11.1,894
2017-05-14,21:00:00,848,7.33,27.96,11.1,894
2017-05-14,22:00:00,848,7.33,27.96,11.1,894
2017-05-14,23:00:00,848,7.33,27.97,11.1,894
2017-05-15,00:00:00,848,7.33,27.96,11.1,894
2017-05-15,01:00:00,848,7.33,27.96,11.1,894
2017-05-15,02:00:00,848,7.33,27.98,11.1,894
2017-05-15,03:00:00,848,7.33,27.96,11.1,895
2017-05-15,04:00:00,847,7.35,27.96,11.1,895
2017-05-15,05:00:00,848,7.34,27.96,11.1,895
2017-05-15,06:00:00,848,7.34,27.94,11.1,895
2017-05-15,07:00:00,849,7.34,27.95,11.1,895
2017-05-15,08:00:00,852,7.34,27.96,11.1,895
2017-05-15,09:00:00,855,7.34,27.96,11.1,895
2017-05-15,10:00:00,854,7.35,27.95,11.1,895
2017-05-15,11:00:00,852,7.35,27.95,11.1,896
2017-05-15,12:00:00,852,7.35,27.95,11.1,896
2017-05-15,13:00:00,852,7.35,27.94,11.1,896
2017-05-15,14:00:00,852,7.35,27.94,11.1,896
2017-05-15,15:00:00,852,7.35,27.95,11.1,896
2017-05-15,16:00:00,852,7.35,27.95,11.1,896
2017-05-15,17:00:00,852,7.35,27.96,11.1,896
2017-05-15,18:00:00,852,7.35,27.96,11.0,896
2017-05-15,19:00:00,853,7.35,27.96,11.1,896
2017-05-15,20:00:00,853,7.34,27.96,11.1,896
2017-05-15,21:00:00,852,7.33,27.95,11.1,896
2017-05-15,22:00:00,852,7.33,27.95,11.1,896
2017-05-15,23:00:00,852,7.33,27.95,11.1,897
2017-05-16,00:00:00,852,7.33,27.95,11.1,897
2017-05-16,01:00:00,852,7.33,27.95,11.1,897
2017-05-16,02:00:00,852,7.33,27.95,11.1,897
2017-05-16,03:00:00,852,7.33,27.95,11.1,897
2017-05-16,04:00:00,851,7.35,27.95,11.1,897
2017-05-16,05:00:00,851,7.35,27.95,11.1,897
2017-05-16,06:00:00,851,7.35,27.95,11.1,897
2017-05-16,07:00:00,851,7.35,27.96,11.1,897
2017-05-16,08:00:00,850,7.35,27.96,11.1,897
2017-05-16,09:00:00,850,7.35,27.96,11.1,897
2017-05-16,10:00:00,850,7.35,27.96,11.1,897
2017-05-16,11:00:00,849,7.35,27.97,11.1,897
2017-05-16,12:00:00,849,7.34,27.96,11.1,897
2017-05-16,13:00:00,849,7.35,27.97,11.1,897
2017-05-16,14:00:00,849,7.35,27.98,11.1,897
2017-05-16,15:00:00,849,7.35,27.98,11.1,897
2017-05-16,16:00:00,849,7.35,27.98,11.1,897
2017-05-16,17:00:00,849,7.35,27.98,11.1,897
2017-05-16,18:00:00,849,7.34,27.98,11.1,897
2017-05-16,19:00:00,849,7.34,27.99,11.1,897
2017-05-16,20:00:00,849,7.34,27.98,11.1,897
2017-05-16,21:00:00,848,7.33,27.99,11.1,897
2017-05-16,22:00:00,848,7.33,27.98,11.1,898
2017-05-16,23:00:00,848,7.33,27.99,11.1,898
2017-05-17,00:00:00,848,7.33,27.99,11.1,898
2017-05-17,01:00:00,849,7.33,27.99,11.1,898
2017-05-17,02:00:00,848,7.34,27.98,11.1,898
2017-05-17,03:00:00,848,7.34,27.98,11.1,898
2017-05-17,04:00:00,848,7.35,27.98,11.1,898
2017-05-17,05:00:00,848,7.35,27.98,11.1,898
2017-05-17,06:00:00,848,7.35,27.98,11.1,898
2017-05-17,07:00:00,848,7.34,27.98,11.1,898
2017-05-17,08:00:00,848,7.34,27.98,11.1,898
2017-05-17,09:00:00,849,7.34,27.96,11.1,898
2017-05-17,10:00:00,848,7.35,27.96,11.1,898
2017-05-17,11:00:00,848,7.35,27.96,11.1,898
2017-05-17,12:00:00,848,7.35,27.96,11.1,898
2017-05-17,13:00:00,848,7.35,27.95,11.1,898
2017-05-17,14:00:00,848,7.35,27.96,11.1,898
2017-05-17,15:00:00,848,7.35,27.94,11.1,898
2017-05-17,16:00:00,848,7.35,27.94,11.1,898
2017-05-17,17:00:00,848,7.35,27.93,11.1,898
2017-05-17,18:00:00,848,7.35,27.94,11.1,898
2017-05-17,19:00:00,848,7.34,27.92,11.1,898
2017-05-17,20:00:00,848,7.35,27.93,11.1,898
2017-05-17,21:00:00,848,7.34,27.93,11.1,898
2017-05-17,22:00:00,848,7.34,27.93,11.1,898
2017-05-17,23:00:00,848,7.34,27.92,11.1,899
2017-05-18,00:00:00,848,7.34,27.92,11.1,899
2017-05-18,01:00:00,848,7.34,27.92,11.1,899
2017-05-18,02:00:00,848,7.34,27.92,11.1,899
2017-05-18,03:00:00,848,7.34,27.91,11.1,899
2017-05-18,04:00:00,848,7.35,27.92,11.1,899
2017-05-18,05:00:00,848,7.35,27.91,11.1,900
2017-05-18,06:00:00,848,7.35,27.91,11.1,900
2017-05-18,07:00:00,848,7.35,27.92,11.1,900
2017-05-18,08:00:00,848,7.34,27.92,11.1,900
2017-05-18,09:00:00,848,7.34,27.91,11.1,900
2017-05-18,10:00:00,848,7.34,27.92,11.1,901
2017-05-18,11:00:00,848,7.34,27.92,11.1,901
2017-05-18,12:00:00,848,7.34,27.91,11.1,901
2017-05-18,13:00:00,848,7.34,27.91,11.1,901
2017-05-18,14:00:00,848,7.34,27.91,11.1,901
2017-05-18,15:00:00,848,7.34,27.91,11.1,901
2017-05-18,16:00:00,848,7.34,27.91,11.1,901
2017-05-18,17:00:00,848,7.34,27.90,11.1,901
2017-05-18,18:00:00,848,7.34,27.91,11.1,901
2017-05-18,19:00:00,849,7.35,27.91,11.1,901
2017-05-18,20:00:00,848,7.35,27.91,11.1,902
2017-05-18,21:00:00,848,7.34,27.92,11.1,902
2017-05-18,22:00:00,848,7.34,27.91,11.1,902
2017-05-18,23:00:00,849,7.34,27.90,11.1,902
2017-05-19,00:00:00,849,7.34,27.91,11.1,902
2017-05-19,01:00:00,848,7.34,27.90,11.1,902
2017-05-19,02:00:00,848,7.34,27.90,11.1,902
2017-05-19,03:00:00,848,7.34,27.90,11.1,903
2017-05-19,04:00:00,848,7.35,27.90,11.1,903
2017-05-19,05:00:00,848,7.35,27.89,11.1,903
2017-05-19,06:00:00,848,7.36,27.89,11.1,903
2017-05-19,07:00:00,848,7.36,27.89,11.1,903
2017-05-19,08:00:00,848,7.35,27.90,11.1,904
2017-05-19,09:00:00,848,7.35,27.91,11.1,904
2017-05-19,10:00:00,848,7.35,27.89,11.1,904
2017-05-19,11:00:00,849,7.35,27.90,11.1,904
2017-05-19,12:00:00,848,7.35,27.89,11.1,904
2017-05-19,13:00:00,848,7.35,27.88,11.1,904
2017-05-19,14:00:00,849,7.35,27.88,11.1,904
2017-05-19,15:00:00,848,7.35,27.87,11.1,904
2017-05-19,16:00:00,849,7.35,27.89,11.1,904
2017-05-19,17:00:00,849,7.35,27.89,11.1,904
2017-05-19,18:00:00,849,7.35,27.90,11.1,904
2017-05-19,19:00:00,848,7.36,27.90,11.0,904
2017-05-19,20:00:00,849,7.35,27.89,11.1,905
2017-05-19,21:00:00,849,7.35,27.90,11.1,904
2017-05-19,22:00:00,848,7.35,27.90,11.1,905
2017-05-19,23:00:00,849,7.35,27.91,11.1,905
2017-05-20,00:00:00,848,7.35,27.90,11.1,905
2017-05-20,01:00:00,849,7.34,27.91,11.1,905
2017-05-20,02:00:00,848,7.35,27.90,11.1,905
2017-05-20,03:00:00,849,7.35,27.89,11.1,905
2017-05-20,04:00:00,848,7.35,27.89,11.1,905
2017-05-20,05:00:00,848,7.36,27.90,11.1,905
2017-05-20,06:00:00,849,7.36,27.89,11.1,905
2017-05-20,07:00:00,848,7.35,27.89,11.1,905
2017-05-20,08:00:00,849,7.35,27.89,11.1,905
2017-05-20,09:00:00,849,7.35,27.90,11.1,905
2017-05-20,10:00:00,849,7.36,27.90,11.1,905
2017-05-20,11:00:00,848,7.37,27.91,11.0,905
2017-05-20,12:00:00,849,7.37,27.90,11.1,905
2017-05-20,13:00:00,849,7.36,27.90,11.1,905
2017-05-20,14:00:00,849,7.36,27.90,11.1,905
2017-05-20,15:00:00,849,7.35,27.90,11.1,905
2017-05-20,16:00:00,849,7.35,27.90,11.1,905
2017-05-20,17:00:00,849,7.35,27.91,11.0,905
2017-05-20,18:00:00,849,7.35,27.92,11.1,905
2017-05-20,19:00:00,849,7.35,27.93,11.1,905
2017-05-20,20:00:00,849,7.36,27.92,11.1,905
2017-05-20,21:00:00,849,7.35,27.93,11.1,905
2017-05-20,22:00:00,849,7.35,27.93,11.1,905
2017-05-20,23:00:00,849,7.35,27.94,11.1,905
2017-05-21,00:00:00,849,7.35,27.94,11.1,905
2017-05-21,01:00:00,849,7.35,27.94,11.1,905
2017-05-21,02:00:00,848,7.35,27.94,11.1,905
2017-05-21,03:00:00,849,7.35,27.95,11.1,905
2017-05-21,04:00:00,849,7.36,27.95,11.1,905
2017-05-21,05:00:00,849,7.36,27.95,11.1,905
2017-05-21,06:00:00,849,7.36,27.95,11.1,905
2017-05-21,07:00:00,849,7.36,27.96,11.1,905
2017-05-21,08:00:00,849,7.36,27.97,11.1,905
2017-05-21,09:00:00,849,7.36,27.96,11.1,905
2017-05-21,10:00:00,849,7.36,27.96,11.1,905
2017-05-21,11:00:00,849,7.35,27.97,11.1,906
2017-05-21,12:00:00,849,7.35,27.96,11.1,906
2017-05-21,13:00:00,849,7.36,27.96,11.1,906
2017-05-21,14:00:00,849,7.35,27.95,11.1,906
2017-05-21,15:00:00,849,7.35,27.95,11.0,906
2017-05-21,16:00:00,849,7.35,27.95,11.1,906
2017-05-21,17:00:00,849,7.36,27.95,11.1,906
2017-05-21,18:00:00,849,7.35,27.95,11.0,906
2017-05-21,19:00:00,849,7.36,27.95,11.1,906
2017-05-21,20:00:00,849,7.36,27.95,11.1,906
2017-05-21,21:00:00,849,7.35,27.94,11.1,906
2017-05-21,22:00:00,849,7.35,27.95,11.1,906
2017-05-21,23:00:00,849,7.35,27.94,11.0,906
2017-05-22,00:00:00,849,7.35,27.93,11.1,906
2017-05-22,01:00:00,849,7.35,27.95,11.0,906
2017-05-22,02:00:00,849,7.35,27.93,11.0,906
2017-05-22,03:00:00,849,7.35,27.93,11.1,906
2017-05-22,04:00:00,849,7.37,27.92,11.0,906
2017-05-22,05:00:00,849,7.36,27.92,11.0,906
2017-05-22,06:00:00,849,7.36,27.92,11.1,906
2017-05-22,07:00:00,849,7.36,27.92,11.1,906
2017-05-22,08:00:00,849,7.36,27.92,11.0,906
2017-05-22,09:00:00,849,7.36,27.92,11.1,906
2017-05-22,10:00:00,849,7.36,27.91,11.0,906
2017-05-22,11:00:00,849,7.36,27.91,11.1,906
2017-05-22,12:00:00,849,7.36,27.90,11.1,906
2017-05-22,13:00:00,849,7.36,27.90,11.1,906
2017-05-22,14:00:00,849,7.35,27.90,11.0,906
2017-05-22,15:00:00,849,7.35,27.89,11.1,906
2017-05-22,16:00:00,849,7.36,27.89,11.1,906
2017-05-22,17:00:00,849,7.37,27.90,11.1,906
2017-05-22,18:00:00,849,7.36,27.90,11.1,906
2017-05-22,19:00:00,849,7.37,27.88,11.1,906
2017-05-22,20:00:00,849,7.37,27.90,11.1,906
2017-05-22,21:00:00,849,7.36,27.90,11.1,906
2017-05-22,22:00:00,849,7.35,27.90,11.1,906
2017-05-22,23:00:00,849,7.35,27.91,11.1,906
2017-05-23,00:00:00,849,7.35,27.91,11.1,906
2017-05-23,01:00:00,849,7.36,27.91,11.1,906
2017-05-23,02:00:00,849,7.36,27.91,11.1,906
2017-05-23,03:00:00,849,7.36,27.91,11.1,906
2017-05-23,04:00:00,849,7.37,27.92,11.1,906
2017-05-23,05:00:00,849,7.37,27.91,11.1,906
2017-05-23,06:00:00,849,7.37,27.93,11.1,906
2017-05-23,07:00:00,849,7.37,27.92,11.1,907
2017-05-23,08:00:00,849,7.37,27.93,11.1,907
2017-05-23,09:00:00,849,7.36,27.94,11.1,907
2017-05-23,10:00:00,849,7.36,27.94,11.1,907
2017-05-23,11:00:00,849,7.36,27.93,11.1,907
2017-05-23,12:00:00,849,7.36,27.94,11.0,907
2017-05-23,13:00:00,849,7.36,27.94,11.1,907
2017-05-23,14:00:00,849,7.36,27.96,11.1,907
2017-05-23,15:00:00,849,7.36,27.94,11.1,907
2017-05-23,16:00:00,849,7.36,27.96,11.1,907
2017-05-23,17:00:00,849,7.36,27.96,11.1,907
2017-05-23,18:00:00,849,7.37,27.97,11.1,907
2017-05-23,19:00:00,849,7.37,27.96,11.1,907
2017-05-23,20:00:00,849,7.37,27.96,11.1,907
2017-05-23,21:00:00,849,7.36,27.96,11.1,907
2017-05-23,22:00:00,849,7.36,27.96,11.0,907
2017-05-23,23:00:00,849,7.35,27.96,11.1,907
2017-05-24,00:00:00,849,7.36,27.96,11.0,907
2017-05-24,01:00:00,849,7.36,27.98,11.1,907
2017-05-24,02:00:00,849,7.36,27.98,11.0,907
2017-05-24,03:00:00,849,7.36,27.96,11.1,907
2017-05-24,04:00:00,849,7.37,27.98,11.1,907
2017-05-24,05:00:00,849,7.37,27.98,11.1,907
2017-05-24,06:00:00,849,7.37,27.99,11.1,907
2017-05-24,07:00:00,849,7.37,27.98,11.0,907
2017-05-24,08:00:00,849,7.37,28.00,11.1,907
2017-05-24,09:00:00,849,7.37,28.00,11.1,907
2017-05-24,10:00:00,849,7.37,27.99,11.1,907
2017-05-24,11:00:00,849,7.36,28.00,11.1,907
2017-05-24,12:00:00,849,7.37,27.99,11.1,907
2017-05-24,13:00:00,849,7.36,28.00,11.1,907
2017-05-24,14:00:00,849,7.36,27.99,11.1,907
2017-05-24,15:00:00,849,7.37,27.99,11.1,907
2017-05-24,16:00:00,849,7.37,28.00,11.0,907
2017-05-24,17:00:00,849,7.37,28.00,11.1,907
2017-05-24,18:00:00,849,7.37,27.99,11.1,907
2017-05-24,19:00:00,849,7.37,27.99,11.1,907
2017-05-24,20:00:00,849,7.37,27.99,11.1,907
2017-05-24,21:00:00,849,7.36,28.00,11.1,907
2017-05-24,22:00:00,849,7.36,28.00,11.1,907
2017-05-24,23:00:00,849,7.36,27.99,11.1,907
2017-05-25,00:00:00,849,7.35,28.00,11.0,907
2017-05-25,01:00:00,849,7.36,27.99,11.1,907
2017-05-25,02:00:00,849,7.36,27.99,11.1,907
2017-05-25,03:00:00,849,7.36,27.99,11.0,907
2017-05-25,04:00:00,849,7.37,27.99,11.0,907
2017-05-25,05:00:00,849,7.37,27.98,11.1,907
2017-05-25,06:00:00,849,7.37,27.98,11.1,907
2017-05-25,07:00:00,849,7.37,27.99,11.1,907
2017-05-25,08:00:00,849,7.36,27.99,11.1,907
2017-05-25,09:00:00,849,7.36,27.98,11.1,907
2017-05-25,10:00:00,849,7.36,27.98,11.1,907
2017-05-25,11:00:00,849,7.36,27.98,11.1,907
2017-05-25,12:00:00,849,7.36,27.96,11.1,907
2017-05-25,13:00:00,849,7.36,27.96,11.1,907
2017-05-25,14:00:00,849,7.36,27.96,11.1,907
2017-05-25,15:00:00,849,7.36,27.97,11.1,907
2017-05-25,16:00:00,849,7.36,27.94,11.1,907
2017-05-25,17:00:00,849,7.36,27.95,11.1,907
2017-05-25,18:00:00,849,7.36,27.95,11.1,907
2017-05-25,19:00:00,849,7.36,27.95,11.1,907
2017-05-25,20:00:00,849,7.37,27.96,11.1,907
2017-05-25,21:00:00,849,7.36,27.94,11.0,907
2017-05-25,22:00:00,849,7.36,27.94,11.0,907
2017-05-25,23:00:00,849,7.36,27.95,11.1,907
2017-05-26,00:00:00,849,7.36,27.94,11.1,907
2017-05-26,01:00:00,849,7.36,27.94,11.1,907
2017-05-26,02:00:00,849,7.36,27.95,11.1,907
2017-05-26,03:00:00,849,7.36,27.94,11.1,907
2017-05-26,04:00:00,849,7.37,27.94,11.1,907
2017-05-26,05:00:00,849,7.37,27.94,11.0,907
2017-05-26,06:00:00,849,7.36,27.93,11.0,907
2017-05-26,07:00:00,849,7.36,27.94,11.1,907
2017-05-26,08:00:00,849,7.36,27.95,11.1,907
2017-05-26,09:00:00,849,7.36,27.93,11.1,907
2017-05-26,10:00:00,849,7.36,27.93,11.0,907
2017-05-26,11:00:00,849,7.36,27.93,11.1,907
2017-05-26,12:00:00,849,7.36,27.91,11.1,907
2017-05-26,13:00:00,849,7.36,27.92,11.1,907
2017-05-26,14:00:00,849,7.36,27.92,11.0,907
2017-05-26,15:00:00,849,7.36,27.91,11.0,907
2017-05-26,16:00:00,849,7.36,27.90,11.1,907
2017-05-26,17:00:00,849,7.36,27.90,11.1,907
2017-05-26,18:00:00,849,7.36,27.89,11.0,907
2017-05-26,19:00:00,849,7.36,27.89,11.1,907
2017-05-26,20:00:00,849,7.36,27.90,11.0,907
2017-05-26,21:00:00,849,7.36,27.89,11.1,907
2017-05-26,22:00:00,849,7.36,27.88,11.1,907
2017-05-26,23:00:00,849,7.36,27.89,11.1,907
2017-05-27,00:00:00,849,7.36,27.89,11.1,907
2017-05-27,01:00:00,849,7.36,27.89,11.1,907
2017-05-27,02:00:00,849,7.36,27.88,11.1,907
2017-05-27,03:00:00,849,7.36,27.87,11.0,907
2017-05-27,04:00:00,849,7.38,27.87,11.0,907
2017-05-27,05:00:00,849,7.38,27.87,11.1,907
2017-05-27,06:00:00,849,7.38,27.87,11.1,907
2017-05-27,07:00:00,849,7.36,27.86,11.1,907
2017-05-27,08:00:00,849,7.36,27.86,11.1,907
2017-05-27,09:00:00,849,7.36,27.84,11.1,907
2017-05-27,10:00:00,849,7.35,27.84,11.1,907
2017-05-27,11:00:00,849,7.35,27.84,11.0,907
2017-05-27,12:00:00,849,7.35,27.84,11.0,907
2017-05-27,13:00:00,849,7.35,27.84,11.0,907
2017-05-27,14:00:00,849,7.38,27.84,11.0,907
2017-05-27,15:00:00,849,7.35,27.84,11.1,907
2017-05-27,16:00:00,849,7.36,27.84,11.1,907
2017-05-27,17:00:00,849,7.35,27.84,11.1,907
2017-05-27,18:00:00,849,7.35,27.83,11.1,907
2017-05-27,19:00:00,849,7.36,27.85,11.1,907
2017-05-27,20:00:00,849,7.36,27.85,11.0,907
2017-05-27,21:00:00,849,7.35,27.86,11.0,907
2017-05-27,22:00:00,849,7.35,27.86,11.1,907
2017-05-27,23:00:00,849,7.35,27.87,11.0,907
2017-05-28,00:00:00,849,7.35,27.89,11.1,907
2017-05-28,01:00:00,849,7.35,27.88,11.1,907
2017-05-28,02:00:00,850,7.35,27.88,11.1,907
2017-05-28,03:00:00,849,7.35,27.89,11.0,907
2017-05-28,04:00:00,850,7.36,27.89,11.0,907
2017-05-28,05:00:00,850,7.36,27.89,11.1,907
2017-05-28,06:00:00,850,7.36,27.90,11.0,907
2017-05-28,07:00:00,850,7.36,27.90,11.1,907
2017-05-28,08:00:00,849,7.36,27.90,11.0,907
2017-05-28,09:00:00,850,7.36,27.90,11.1,907
2017-05-28,10:00:00,850,7.36,27.91,11.1,907
2017-05-28,11:00:00,850,7.36,27.90,11.0,907
2017-05-28,12:00:00,850,7.36,27.91,11.1,907
2017-05-28,13:00:00,850,7.35,27.91,11.1,907
2017-05-28,14:00:00,850,7.35,27.91,11.1,907
2017-05-28,15:00:00,850,7.35,27.91,11.1,907
2017-05-28,16:00:00,849,7.35,27.90,11.0,907
2017-05-28,17:00:00,849,7.35,27.90,11.1,907
2017-05-28,18:00:00,850,7.35,27.90,11.0,907
2017-05-28,19:00:00,850,7.36,27.90,11.1,907
2017-05-28,20:00:00,850,7.36,27.90,11.0,907
2017-05-28,21:00:00,850,7.35,27.90,11.1,907
2017-05-28,22:00:00,850,7.35,27.90,11.1,907
2017-05-28,23:00:00,850,7.35,27.90,11.1,907
2017-05-29,00:00:00,850,7.35,27.89,11.1,907
2017-05-29,01:00:00,850,7.35,27.88,11.1,907
2017-05-29,02:00:00,849,7.35,27.89,11.0,907
2017-05-29,03:00:00,850,7.35,27.87,11.0,907
2017-05-29,04:00:00,849,7.36,27.88,11.0,907
2017-05-29,05:00:00,849,7.36,27.87,11.1,907
2017-05-29,06:00:00,850,7.36,27.87,11.1,907
2017-05-29,07:00:00,849,7.37,27.86,11.1,907
2017-05-29,08:00:00,850,7.36,27.87,11.1,907
2017-05-29,09:00:00,850,7.37,27.87,11.1,907
2017-05-29,10:00:00,849,7.37,27.88,11.0,907
2017-05-29,11:00:00,850,7.37,27.87,11.1,907
2017-05-29,12:00:00,850,7.37,27.87,11.1,907
2017-05-29,13:00:00,850,7.36,27.87,11.1,907
2017-05-29,14:00:00,849,7.36,27.87,11.1,907
2017-05-29,15:00:00,850,7.36,27.85,11.1,907
2017-05-29,16:00:00,850,7.36,27.86,11.1,907
2017-05-29,17:00:00,850,7.36,27.86,11.0,907
2017-05-29,18:00:00,850,7.36,27.86,11.1,907
2017-05-29,19:00:00,849,7.36,27.86,11.1,907
2017-05-29,20:00:00,850,7.37,27.85,11.0,907
2017-05-29,21:00:00,850,7.36,27.85,11.0,907
2017-05-29,22:00:00,850,7.35,27.85,11.0,907
2017-05-29,23:00:00,850,7.35,27.85,11.1,907
2017-05-30,00:00:00,850,7.35,27.86,11.1,907
2017-05-30,01:00:00,850,7.36,27.85,11.1,907
2017-05-30,02:00:00,850,7.36,27.85,11.1,907
2017-05-30,03:00:00,850,7.36,27.85,11.1,907
2017-05-30,04:00:00,850,7.37,27.84,11.0,907
2017-05-30,05:00:00,850,7.37,27.85,11.0,907
2017-05-30,06:00:00,850,7.37,27.85,11.0,907
2017-05-30,07:00:00,850,7.37,27.85,11.0,907
2017-05-30,08:00:00,850,7.37,27.86,11.1,907
2017-05-30,09:00:00,850,7.37,27.86,11.0,907
2017-05-30,10:00:00,850,7.37,27.86,11.1,907
2017-05-30,11:00:00,850,7.36,27.86,11.0,907
2017-05-30,12:00:00,850,7.36,27.87,11.0,906
2017-05-30,13:00:00,850,7.36,27.86,11.0,906
2017-05-30,14:00:00,850,7.37,27.87,11.0,906
2017-05-30,15:00:00,850,7.36,27.87,11.0,906
2017-05-30,16:00:00,850,7.38,27.88,11.0,906
2017-05-30,17:00:00,850,7.37,27.87,11.1,906
2017-05-30,18:00:00,850,7.37,27.87,11.0,906
2017-05-30,19:00:00,850,7.37,27.88,11.1,906
2017-05-30,20:00:00,850,7.36,27.89,11.0,906
2017-05-30,21:00:00,850,7.36,27.90,11.0,906
2017-05-30,22:00:00,850,7.36,27.90,11.1,906
2017-05-30,23:00:00,850,7.36,27.91,11.0,906
2017-05-31,00:00:00,850,7.36,27.90,11.0,906
2017-05-31,01:00:00,850,7.36,27.91,11.0,906
2017-05-31,02:00:00,850,7.36,27.91,11.0,906
2017-05-31,03:00:00,850,7.36,27.92,11.0,906
2017-05-31,04:00:00,850,7.37,27.92,11.1,906
2017-05-31,05:00:00,850,7.37,27.91,11.0,906
2017-05-31,06:00:00,850,7.38,27.92,11.0,906
2017-05-31,07:00:00,850,7.37,27.93,11.1,906
2017-05-31,08:00:00,850,7.36,27.94,11.1,906
2017-05-31,09:00:00,850,7.36,27.93,11.0,906
2017-05-31,10:00:00,850,7.36,27.93,11.1,906
2017-05-31,11:00:00,850,7.36,27.92,11.0,906
2017-05-31,12:00:00,850,7.36,27.93,11.0,906
